Gender;Married;Dependents;Education;Self_Employed;ApplicantIncome;CoapplicantIncome;LoanAmount;Loan_Amount_Term;Credit_History;Property_Area;Loan_Status;Total_Income
Male;Yes;1;Graduate;No;4583;1508.0;128.0;360.0;1.0;Rural;N;6091.0
Male;Yes;0;Graduate;Yes;3000;0.0;66.0;360.0;1.0;Urban;Y;3000.0
Male;Yes;0;Not Graduate;No;2583;2358.0;120.0;360.0;1.0;Urban;Y;4941.0
Male;No;0;Graduate;No;6000;0.0;141.0;360.0;1.0;Urban;Y;6000.0
Male;Yes;2;Graduate;Yes;5417;4196.0;267.0;360.0;1.0;Urban;Y;9613.0
Male;Yes;0;Not Graduate;No;2333;1516.0;95.0;360.0;1.0;Urban;Y;3849.0
Male;Yes;3+;Graduate;No;3036;2504.0;158.0;360.0;0.0;Semiurban;N;5540.0
Male;Yes;2;Graduate;No;4006;1526.0;168.0;360.0;1.0;Urban;Y;5532.0
Male;Yes;1;Graduate;No;12841;10968.0;349.0;360.0;1.0;Semiurban;N;23809.0
Male;Yes;2;Graduate;No;3200;700.0;70.0;360.0;1.0;Urban;Y;3900.0
Male;Yes;2;Graduate;No;3073;8106.0;200.0;360.0;1.0;Urban;Y;11179.0
Male;No;0;Graduate;No;1853;2840.0;114.0;360.0;1.0;Rural;N;4693.0
Male;Yes;2;Graduate;No;1299;1086.0;17.0;120.0;1.0;Urban;Y;2385.0
Male;No;0;Graduate;No;4950;0.0;125.0;360.0;1.0;Urban;Y;4950.0
Female;No;0;Graduate;No;3510;0.0;76.0;360.0;0.0;Urban;N;3510.0
Male;Yes;0;Not Graduate;No;4887;0.0;133.0;360.0;1.0;Rural;N;4887.0
Male;Yes;0;Not Graduate;No;7660;0.0;104.0;360.0;0.0;Urban;N;7660.0
Male;Yes;1;Graduate;No;5955;5625.0;315.0;360.0;1.0;Urban;Y;11580.0
Male;Yes;0;Not Graduate;No;2600;1911.0;116.0;360.0;0.0;Semiurban;N;4511.0
Male;Yes;0;Graduate;Yes;9560;0.0;191.0;360.0;1.0;Semiurban;Y;9560.0
Male;Yes;0;Graduate;No;2799;2253.0;122.0;360.0;1.0;Semiurban;Y;5052.0
Male;Yes;2;Not Graduate;No;4226;1040.0;110.0;360.0;1.0;Urban;Y;5266.0
Male;No;0;Not Graduate;No;1442;0.0;35.0;360.0;1.0;Urban;N;1442.0
Male;No;0;Graduate;No;3167;0.0;74.0;360.0;1.0;Urban;N;3167.0
Male;No;1;Graduate;Yes;4692;0.0;106.0;360.0;1.0;Rural;N;4692.0
Male;Yes;0;Graduate;No;3500;1667.0;114.0;360.0;1.0;Semiurban;Y;5167.0
Male;No;3+;Graduate;No;12500;3000.0;320.0;360.0;1.0;Rural;N;15500.0
Female;Yes;0;Graduate;No;3667;1459.0;144.0;360.0;1.0;Semiurban;Y;5126.0
Male;No;0;Graduate;No;4166;7210.0;184.0;360.0;1.0;Urban;Y;11376.0
Male;No;0;Not Graduate;No;3748;1668.0;110.0;360.0;1.0;Semiurban;Y;5416.0
Male;No;0;Graduate;No;3600;0.0;80.0;360.0;1.0;Urban;N;3600.0
Male;No;0;Graduate;No;1800;1213.0;47.0;360.0;1.0;Urban;Y;3013.0
Male;Yes;0;Graduate;No;3941;2336.0;134.0;360.0;1.0;Semiurban;Y;6277.0
Male;Yes;1;Graduate;No;5649;0.0;44.0;360.0;1.0;Urban;Y;5649.0
Male;Yes;0;Graduate;No;5821;0.0;144.0;360.0;1.0;Urban;Y;5821.0
Female;Yes;0;Graduate;No;2645;3440.0;120.0;360.0;0.0;Urban;N;6085.0
Female;No;0;Graduate;No;4000;2275.0;144.0;360.0;1.0;Semiurban;Y;6275.0
Female;Yes;0;Not Graduate;No;1928;1644.0;100.0;360.0;1.0;Semiurban;Y;3572.0
Female;No;0;Graduate;No;3086;0.0;120.0;360.0;1.0;Semiurban;Y;3086.0
Female;No;0;Graduate;No;4230;0.0;112.0;360.0;1.0;Semiurban;N;4230.0
Male;Yes;2;Graduate;No;4616;0.0;134.0;360.0;1.0;Urban;N;4616.0
Female;Yes;1;Graduate;Yes;11500;0.0;286.0;360.0;0.0;Urban;N;11500.0
Male;Yes;2;Graduate;No;2708;1167.0;97.0;360.0;1.0;Semiurban;Y;3875.0
Male;Yes;0;Graduate;No;2132;1591.0;96.0;360.0;1.0;Semiurban;Y;3723.0
Male;Yes;0;Graduate;No;3366;2200.0;135.0;360.0;1.0;Rural;N;5566.0
Male;Yes;1;Graduate;No;8080;2250.0;180.0;360.0;1.0;Urban;Y;10330.0
Male;Yes;2;Not Graduate;No;3357;2859.0;144.0;360.0;1.0;Urban;Y;6216.0
Male;Yes;0;Graduate;No;2500;3796.0;120.0;360.0;1.0;Urban;Y;6296.0
Male;Yes;3+;Graduate;No;3029;0.0;99.0;360.0;1.0;Urban;Y;3029.0
Male;Yes;0;Not Graduate;Yes;2609;3449.0;165.0;180.0;0.0;Rural;N;6058.0
Female;No;0;Graduate;No;4166;0.0;116.0;360.0;0.0;Semiurban;N;4166.0
Male;Yes;0;Graduate;No;5726;4595.0;258.0;360.0;1.0;Semiurban;N;10321.0
Male;No;0;Not Graduate;No;3200;2254.0;126.0;180.0;0.0;Urban;N;5454.0
Male;Yes;1;Graduate;No;10750;0.0;312.0;360.0;1.0;Urban;Y;10750.0
Male;Yes;3+;Not Graduate;Yes;7100;0.0;125.0;60.0;1.0;Urban;Y;7100.0
Female;No;0;Graduate;No;4300;0.0;136.0;360.0;0.0;Semiurban;N;4300.0
Male;Yes;0;Graduate;No;3208;3066.0;172.0;360.0;1.0;Urban;Y;6274.0
Male;Yes;2;Not Graduate;Yes;1875;1875.0;97.0;360.0;1.0;Semiurban;Y;3750.0
Male;No;0;Graduate;No;3500;0.0;81.0;300.0;1.0;Semiurban;Y;3500.0
Male;Yes;3+;Graduate;Yes;5266;1774.0;187.0;360.0;1.0;Semiurban;Y;7040.0
Male;No;0;Graduate;No;3750;0.0;113.0;480.0;1.0;Urban;N;3750.0
Male;No;0;Graduate;No;3750;4750.0;176.0;360.0;1.0;Urban;N;8500.0
Male;Yes;1;Graduate;Yes;1000;3022.0;110.0;360.0;1.0;Urban;N;4022.0
Male;Yes;3+;Graduate;No;3167;4000.0;180.0;300.0;0.0;Semiurban;N;7167.0
Female;No;0;Graduate;No;3846;0.0;111.0;360.0;1.0;Semiurban;Y;3846.0
Female;Yes;2;Graduate;No;1378;1881.0;167.0;360.0;1.0;Urban;N;3259.0
Male;Yes;1;Graduate;No;3988;0.0;50.0;240.0;1.0;Urban;Y;3988.0
Male;No;0;Graduate;No;2366;2531.0;136.0;360.0;1.0;Semiurban;Y;4897.0
Male;Yes;0;Graduate;No;2500;2118.0;104.0;360.0;1.0;Semiurban;Y;4618.0
Male;No;0;Graduate;No;8566;0.0;210.0;360.0;1.0;Urban;Y;8566.0
Male;Yes;0;Graduate;No;5695;4167.0;175.0;360.0;1.0;Semiurban;Y;9862.0
Male;Yes;0;Graduate;No;2958;2900.0;131.0;360.0;1.0;Semiurban;Y;5858.0
Male;Yes;2;Graduate;No;6250;5654.0;188.0;180.0;1.0;Semiurban;Y;11904.0
Male;Yes;2;Not Graduate;No;3273;1820.0;81.0;360.0;1.0;Urban;Y;5093.0
Male;No;0;Graduate;No;4133;0.0;122.0;360.0;1.0;Semiurban;Y;4133.0
Male;No;0;Not Graduate;No;3620;0.0;25.0;120.0;1.0;Semiurban;Y;3620.0
Female;Yes;0;Graduate;No;2484;2302.0;137.0;360.0;1.0;Semiurban;Y;4786.0
Male;Yes;0;Graduate;No;1977;997.0;50.0;360.0;1.0;Semiurban;Y;2974.0
Male;Yes;0;Not Graduate;No;4188;0.0;115.0;180.0;1.0;Semiurban;Y;4188.0
Male;Yes;0;Graduate;No;1759;3541.0;131.0;360.0;1.0;Semiurban;Y;5300.0
Male;Yes;2;Not Graduate;No;4288;3263.0;133.0;180.0;1.0;Urban;Y;7551.0
Male;No;0;Graduate;No;4843;3806.0;151.0;360.0;1.0;Semiurban;Y;8649.0
Male;Yes;1;Graduate;No;3052;1030.0;100.0;360.0;1.0;Urban;Y;4082.0
Male;Yes;2;Graduate;No;11417;1126.0;225.0;360.0;1.0;Urban;Y;12543.0
Male;Yes;2;Graduate;No;3800;3600.0;216.0;360.0;0.0;Urban;N;7400.0
Male;Yes;3+;Not Graduate;No;2071;754.0;94.0;480.0;1.0;Semiurban;Y;2825.0
Male;No;0;Graduate;No;5316;0.0;136.0;360.0;1.0;Urban;Y;5316.0
Male;Yes;1;Graduate;No;14583;0.0;185.0;180.0;1.0;Rural;Y;14583.0
Female;Yes;0;Graduate;No;3167;2283.0;154.0;360.0;1.0;Semiurban;Y;5450.0
Male;Yes;0;Graduate;No;5568;2142.0;175.0;360.0;1.0;Rural;N;7710.0
Female;No;0;Graduate;No;10408;0.0;259.0;360.0;1.0;Urban;Y;10408.0
Female;No;0;Graduate;No;4166;0.0;44.0;360.0;1.0;Semiurban;Y;4166.0
Female;No;0;Graduate;No;2137;8980.0;137.0;360.0;0.0;Semiurban;Y;11117.0
Male;Yes;2;Graduate;No;2957;0.0;81.0;360.0;1.0;Semiurban;Y;2957.0
Male;Yes;0;Not Graduate;No;4300;2014.0;194.0;360.0;1.0;Rural;Y;6314.0
Male;Yes;1;Graduate;Yes;10513;3850.0;160.0;180.0;0.0;Urban;N;14363.0
Male;No;0;Graduate;No;2014;1929.0;74.0;360.0;1.0;Urban;Y;3943.0
Male;No;0;Graduate;No;2718;0.0;70.0;360.0;1.0;Semiurban;Y;2718.0
Male;Yes;0;Graduate;Yes;3459;0.0;25.0;120.0;1.0;Semiurban;Y;3459.0
Male;No;0;Graduate;No;4895;0.0;102.0;360.0;1.0;Semiurban;Y;4895.0
Male;Yes;3+;Graduate;No;4000;7750.0;290.0;360.0;1.0;Semiurban;N;11750.0
Female;Yes;0;Graduate;No;4583;0.0;84.0;360.0;1.0;Rural;N;4583.0
Male;Yes;2;Graduate;Yes;3316;3500.0;88.0;360.0;1.0;Urban;Y;6816.0
Male;No;0;Graduate;No;14999;0.0;242.0;360.0;0.0;Semiurban;N;14999.0
Male;Yes;2;Not Graduate;No;4200;1430.0;129.0;360.0;1.0;Rural;N;5630.0
Male;Yes;2;Graduate;No;5042;2083.0;185.0;360.0;1.0;Rural;N;7125.0
Male;No;0;Graduate;No;5417;0.0;168.0;360.0;1.0;Urban;Y;5417.0
Male;No;0;Graduate;Yes;6950;0.0;175.0;180.0;1.0;Semiurban;Y;6950.0
Male;Yes;0;Graduate;No;2698;2034.0;122.0;360.0;1.0;Semiurban;Y;4732.0
Male;Yes;2;Graduate;No;11757;0.0;187.0;180.0;1.0;Urban;Y;11757.0
Female;Yes;0;Graduate;No;2330;4486.0;100.0;360.0;1.0;Semiurban;Y;6816.0
Female;Yes;2;Graduate;No;14866;0.0;70.0;360.0;1.0;Urban;Y;14866.0
Male;Yes;1;Graduate;No;1538;1425.0;30.0;360.0;1.0;Urban;Y;2963.0
Female;No;0;Graduate;No;10000;1666.0;225.0;360.0;1.0;Rural;N;11666.0
Male;Yes;0;Graduate;No;4860;830.0;125.0;360.0;1.0;Semiurban;Y;5690.0
Male;No;0;Graduate;No;6277;0.0;118.0;360.0;0.0;Rural;N;6277.0
Male;Yes;0;Graduate;Yes;2577;3750.0;152.0;360.0;1.0;Rural;Y;6327.0
Male;No;0;Graduate;No;9166;0.0;244.0;360.0;1.0;Urban;N;9166.0
Male;Yes;2;Not Graduate;No;2281;0.0;113.0;360.0;1.0;Rural;N;2281.0
Male;No;0;Graduate;No;3254;0.0;50.0;360.0;1.0;Urban;Y;3254.0
Male;Yes;3+;Graduate;No;39999;0.0;600.0;180.0;0.0;Semiurban;Y;39999.0
Male;Yes;1;Graduate;No;9538;0.0;187.0;360.0;1.0;Urban;Y;9538.0
Male;Yes;0;Graduate;No;4583;5625.0;255.0;360.0;1.0;Semiurban;Y;10208.0
Male;Yes;0;Not Graduate;No;1863;1041.0;98.0;360.0;1.0;Semiurban;Y;2904.0
Male;Yes;0;Graduate;No;7933;0.0;275.0;360.0;1.0;Urban;N;7933.0
Male;Yes;1;Graduate;No;3089;1280.0;121.0;360.0;0.0;Semiurban;N;4369.0
Male;Yes;2;Graduate;No;4167;1447.0;158.0;360.0;1.0;Rural;Y;5614.0
Male;Yes;0;Graduate;No;9323;0.0;75.0;180.0;1.0;Urban;Y;9323.0
Female;Yes;0;Graduate;No;4583;0.0;112.0;360.0;1.0;Rural;N;4583.0
Male;Yes;0;Graduate;No;2439;3333.0;129.0;360.0;1.0;Rural;Y;5772.0
Male;No;0;Graduate;No;2237;0.0;63.0;480.0;0.0;Semiurban;N;2237.0
Male;Yes;2;Graduate;No;8000;0.0;200.0;360.0;1.0;Semiurban;Y;8000.0
Male;Yes;3+;Not Graduate;No;3522;0.0;81.0;180.0;1.0;Rural;N;3522.0
Male;Yes;0;Graduate;No;5708;5625.0;187.0;360.0;1.0;Semiurban;Y;11333.0
Male;Yes;0;Not Graduate;Yes;4344;736.0;87.0;360.0;1.0;Semiurban;N;5080.0
Male;Yes;0;Graduate;No;3497;1964.0;116.0;360.0;1.0;Rural;Y;5461.0
Male;Yes;2;Graduate;No;2045;1619.0;101.0;360.0;1.0;Rural;Y;3664.0
Male;Yes;3+;Graduate;No;5516;11300.0;495.0;360.0;0.0;Semiurban;N;16816.0
Male;Yes;1;Graduate;No;3750;0.0;116.0;360.0;1.0;Semiurban;Y;3750.0
Male;No;0;Not Graduate;No;2333;1451.0;102.0;480.0;0.0;Urban;N;3784.0
Male;Yes;1;Graduate;No;6400;7250.0;180.0;360.0;0.0;Urban;N;13650.0
Male;Yes;0;Graduate;No;4600;0.0;73.0;180.0;1.0;Semiurban;Y;4600.0
Male;Yes;1;Graduate;No;33846;0.0;260.0;360.0;1.0;Semiurban;N;33846.0
Female;Yes;0;Graduate;No;3625;0.0;108.0;360.0;1.0;Semiurban;Y;3625.0
Male;Yes;0;Graduate;Yes;39147;4750.0;120.0;360.0;1.0;Semiurban;Y;43897.0
Male;Yes;1;Graduate;Yes;2178;0.0;66.0;300.0;0.0;Rural;N;2178.0
Male;Yes;0;Graduate;No;9328;0.0;188.0;180.0;1.0;Rural;Y;9328.0
Male;No;0;Not Graduate;No;4885;0.0;48.0;360.0;1.0;Rural;Y;4885.0
Male;No;0;Graduate;No;12000;0.0;164.0;360.0;1.0;Semiurban;N;12000.0
Male;Yes;0;Not Graduate;No;6033;0.0;160.0;360.0;1.0;Urban;N;6033.0
Male;No;0;Graduate;No;3858;0.0;76.0;360.0;1.0;Semiurban;Y;3858.0
Male;No;0;Graduate;No;4191;0.0;120.0;360.0;1.0;Rural;Y;4191.0
Male;Yes;1;Graduate;No;3125;2583.0;170.0;360.0;1.0;Semiurban;N;5708.0
Male;No;0;Graduate;No;8333;3750.0;187.0;360.0;1.0;Rural;Y;12083.0
Male;No;0;Graduate;Yes;11000;0.0;83.0;360.0;1.0;Urban;N;11000.0
Male;Yes;1;Not Graduate;No;2600;2500.0;90.0;360.0;1.0;Semiurban;Y;5100.0
Male;No;2;Graduate;No;4923;0.0;166.0;360.0;0.0;Semiurban;Y;4923.0
Male;Yes;1;Not Graduate;No;3500;1083.0;135.0;360.0;1.0;Urban;Y;4583.0
Male;Yes;2;Not Graduate;No;3917;0.0;124.0;360.0;1.0;Semiurban;Y;3917.0
Female;No;0;Not Graduate;No;4408;0.0;120.0;360.0;1.0;Semiurban;Y;4408.0
Female;No;0;Graduate;No;3244;0.0;80.0;360.0;1.0;Urban;Y;3244.0
Male;No;0;Not Graduate;No;3975;2531.0;55.0;360.0;1.0;Rural;Y;6506.0
Male;No;0;Graduate;No;2479;0.0;59.0;360.0;1.0;Urban;Y;2479.0
Male;No;0;Graduate;No;3418;0.0;127.0;360.0;1.0;Semiurban;N;3418.0
Female;No;0;Graduate;No;10000;0.0;214.0;360.0;1.0;Semiurban;N;10000.0
Male;Yes;3+;Graduate;No;3430;1250.0;128.0;360.0;0.0;Semiurban;N;4680.0
Male;Yes;1;Graduate;Yes;7787;0.0;240.0;360.0;1.0;Urban;Y;7787.0
Male;Yes;3+;Not Graduate;Yes;5703;0.0;130.0;360.0;1.0;Rural;Y;5703.0
Male;Yes;0;Graduate;No;3173;3021.0;137.0;360.0;1.0;Urban;Y;6194.0
Male;Yes;3+;Not Graduate;No;3850;983.0;100.0;360.0;1.0;Semiurban;Y;4833.0
Male;Yes;0;Graduate;No;150;1800.0;135.0;360.0;1.0;Rural;N;1950.0
Male;Yes;0;Graduate;No;3727;1775.0;131.0;360.0;1.0;Semiurban;Y;5502.0
Male;Yes;0;Graduate;No;2221;0.0;60.0;360.0;0.0;Urban;N;2221.0
Male;Yes;2;Graduate;No;4009;1717.0;116.0;360.0;1.0;Semiurban;Y;5726.0
Male;No;0;Graduate;No;2971;2791.0;144.0;360.0;1.0;Semiurban;Y;5762.0
Male;Yes;0;Graduate;No;6250;0.0;128.0;360.0;1.0;Semiurban;Y;6250.0
Male;Yes;0;Graduate;No;3250;0.0;170.0;360.0;1.0;Rural;N;3250.0
Male;Yes;2;Graduate;No;6250;1695.0;210.0;360.0;1.0;Semiurban;Y;7945.0
Male;No;0;Graduate;Yes;6400;0.0;200.0;360.0;1.0;Rural;Y;6400.0
Male;Yes;1;Graduate;No;2491;2054.0;104.0;360.0;1.0;Semiurban;Y;4545.0
Female;No;0;Graduate;No;8333;0.0;280.0;360.0;1.0;Semiurban;Y;8333.0
Male;Yes;1;Graduate;No;3155;1779.0;140.0;360.0;1.0;Semiurban;Y;4934.0
Male;Yes;1;Graduate;No;5500;1260.0;170.0;360.0;1.0;Rural;Y;6760.0
Female;No;1;Graduate;No;3812;0.0;112.0;360.0;1.0;Rural;Y;3812.0
Male;Yes;1;Graduate;No;3315;0.0;96.0;360.0;1.0;Semiurban;Y;3315.0
Male;Yes;2;Graduate;No;5819;5000.0;120.0;360.0;1.0;Rural;Y;10819.0
Male;Yes;1;Not Graduate;No;2510;1983.0;140.0;180.0;1.0;Urban;N;4493.0
Male;No;0;Graduate;No;2965;5701.0;155.0;60.0;1.0;Urban;Y;8666.0
Male;Yes;2;Graduate;Yes;6250;1300.0;108.0;360.0;1.0;Rural;Y;7550.0
Male;Yes;0;Not Graduate;No;3406;4417.0;123.0;360.0;1.0;Semiurban;Y;7823.0
Male;No;0;Graduate;Yes;6050;4333.0;120.0;180.0;1.0;Urban;N;10383.0
Male;Yes;2;Graduate;No;9703;0.0;112.0;360.0;1.0;Urban;Y;9703.0
Male;Yes;1;Not Graduate;No;6608;0.0;137.0;180.0;1.0;Urban;Y;6608.0
Male;Yes;1;Graduate;No;2882;1843.0;123.0;480.0;1.0;Semiurban;Y;4725.0
Male;Yes;0;Graduate;No;1809;1868.0;90.0;360.0;1.0;Urban;Y;3677.0
Male;Yes;0;Not Graduate;No;1668;3890.0;201.0;360.0;0.0;Semiurban;N;5558.0
Female;No;2;Graduate;No;3427;0.0;138.0;360.0;1.0;Urban;N;3427.0
Male;No;0;Not Graduate;Yes;2583;2167.0;104.0;360.0;1.0;Rural;Y;4750.0
Male;Yes;1;Not Graduate;No;2661;7101.0;279.0;180.0;1.0;Semiurban;Y;9762.0
Male;No;0;Graduate;Yes;16250;0.0;192.0;360.0;0.0;Urban;N;16250.0
Female;No;3+;Graduate;No;3083;0.0;255.0;360.0;1.0;Rural;Y;3083.0
Male;No;0;Not Graduate;No;6045;0.0;115.0;360.0;0.0;Rural;N;6045.0
Male;Yes;3+;Graduate;No;5250;0.0;94.0;360.0;1.0;Urban;N;5250.0
Male;Yes;0;Graduate;No;14683;2100.0;304.0;360.0;1.0;Rural;N;16783.0
Male;No;0;Graduate;No;2060;2209.0;134.0;360.0;1.0;Semiurban;Y;4269.0
Female;No;1;Graduate;No;3481;0.0;155.0;36.0;1.0;Semiurban;N;3481.0
Female;No;0;Graduate;No;7200;0.0;120.0;360.0;1.0;Rural;Y;7200.0
Male;No;0;Graduate;Yes;5166;0.0;128.0;360.0;1.0;Semiurban;Y;5166.0
Male;No;0;Graduate;No;4095;3447.0;151.0;360.0;1.0;Rural;Y;7542.0
Male;Yes;2;Graduate;No;4708;1387.0;150.0;360.0;1.0;Semiurban;Y;6095.0
Male;Yes;3+;Graduate;No;4333;1811.0;160.0;360.0;0.0;Urban;Y;6144.0
Female;No;1;Graduate;No;2876;1560.0;90.0;360.0;1.0;Urban;Y;4436.0
Female;No;0;Graduate;No;3237;0.0;30.0;360.0;1.0;Urban;Y;3237.0
Male;Yes;0;Graduate;No;11146;0.0;136.0;360.0;1.0;Urban;Y;11146.0
Male;No;0;Graduate;No;2833;1857.0;126.0;360.0;1.0;Rural;Y;4690.0
Male;Yes;0;Graduate;No;2620;2223.0;150.0;360.0;1.0;Semiurban;Y;4843.0
Male;Yes;2;Graduate;No;3900;0.0;90.0;360.0;1.0;Semiurban;Y;3900.0
Male;Yes;1;Graduate;No;2750;1842.0;115.0;360.0;1.0;Semiurban;Y;4592.0
Male;Yes;0;Graduate;No;3993;3274.0;207.0;360.0;1.0;Semiurban;Y;7267.0
Male;Yes;0;Graduate;No;3103;1300.0;80.0;360.0;1.0;Urban;Y;4403.0
Male;Yes;0;Graduate;No;14583;0.0;436.0;360.0;1.0;Semiurban;Y;14583.0
Male;No;1;Not Graduate;Yes;4053;2426.0;158.0;360.0;0.0;Urban;N;6479.0
Male;Yes;0;Graduate;No;3927;800.0;112.0;360.0;1.0;Semiurban;Y;4727.0
Male;Yes;2;Graduate;No;2301;985.7999878;78.0;180.0;1.0;Urban;Y;3286.7999878
Female;No;0;Graduate;No;1811;1666.0;54.0;360.0;1.0;Urban;Y;3477.0
Male;No;0;Graduate;No;3158;3053.0;89.0;360.0;1.0;Rural;Y;6211.0
Female;No;0;Graduate;Yes;2600;1717.0;99.0;300.0;1.0;Semiurban;N;4317.0
Male;Yes;0;Graduate;No;3704;2000.0;120.0;360.0;1.0;Rural;Y;5704.0
Female;No;0;Graduate;No;4124;0.0;115.0;360.0;1.0;Semiurban;Y;4124.0
Male;No;0;Graduate;No;9508;0.0;187.0;360.0;1.0;Rural;Y;9508.0
Male;Yes;0;Graduate;No;3075;2416.0;139.0;360.0;1.0;Rural;Y;5491.0
Male;Yes;2;Graduate;No;4400;0.0;127.0;360.0;0.0;Semiurban;N;4400.0
Male;Yes;2;Graduate;No;3153;1560.0;134.0;360.0;1.0;Urban;Y;4713.0
Male;Yes;0;Graduate;No;2383;3334.0;172.0;360.0;1.0;Semiurban;Y;5717.0
Male;Yes;1;Graduate;No;6875;0.0;200.0;360.0;1.0;Semiurban;Y;6875.0
Female;Yes;1;Graduate;No;4666;0.0;135.0;360.0;1.0;Urban;Y;4666.0
Female;No;0;Graduate;No;5000;2541.0;151.0;480.0;1.0;Rural;N;7541.0
Male;Yes;1;Graduate;No;2014;2925.0;113.0;360.0;1.0;Urban;N;4939.0
Male;Yes;0;Not Graduate;No;1800;2934.0;93.0;360.0;0.0;Urban;N;4734.0
Female;No;0;Graduate;No;5000;0.0;132.0;360.0;1.0;Rural;Y;5000.0
Male;Yes;1;Graduate;No;1625;1803.0;96.0;360.0;1.0;Urban;Y;3428.0
Male;No;0;Graduate;No;4000;2500.0;140.0;360.0;1.0;Rural;Y;6500.0
Female;No;0;Graduate;No;3762;1666.0;135.0;360.0;1.0;Rural;Y;5428.0
Female;No;0;Graduate;No;2400;1863.0;104.0;360.0;0.0;Urban;N;4263.0
Male;No;0;Graduate;No;20233;0.0;480.0;360.0;1.0;Rural;N;20233.0
Female;No;0;Graduate;No;2917;0.0;84.0;360.0;1.0;Semiurban;Y;2917.0
Male;No;0;Not Graduate;No;2927;2405.0;111.0;360.0;1.0;Semiurban;Y;5332.0
Female;No;0;Graduate;No;2507;0.0;56.0;360.0;1.0;Rural;Y;2507.0
Male;Yes;1;Not Graduate;No;3399;1640.0;111.0;180.0;1.0;Urban;Y;5039.0
Male;Yes;2;Graduate;No;3717;0.0;120.0;360.0;1.0;Semiurban;Y;3717.0
Male;Yes;1;Graduate;Yes;10000;0.0;155.0;360.0;1.0;Rural;N;10000.0
Male;Yes;0;Graduate;No;2400;2167.0;115.0;360.0;1.0;Semiurban;Y;4567.0
Male;Yes;3+;Graduate;No;4342;189.0;124.0;360.0;1.0;Semiurban;Y;4531.0
Male;Yes;3+;Graduate;No;15000;0.0;300.0;360.0;1.0;Rural;Y;15000.0
Male;Yes;1;Graduate;Yes;8666;4983.0;376.0;360.0;0.0;Rural;N;13649.0
Male;No;0;Graduate;No;4917;0.0;130.0;360.0;0.0;Rural;Y;4917.0
Male;Yes;0;Graduate;Yes;5818;2160.0;184.0;360.0;1.0;Semiurban;Y;7978.0
Female;Yes;0;Graduate;No;4333;2451.0;110.0;360.0;1.0;Urban;N;6784.0
Female;No;0;Graduate;No;2500;0.0;67.0;360.0;1.0;Urban;Y;2500.0
Male;No;1;Graduate;No;4384;1793.0;117.0;360.0;1.0;Urban;Y;6177.0
Male;No;0;Graduate;No;2935;0.0;98.0;360.0;1.0;Semiurban;Y;2935.0
Male;Yes;2;Graduate;Yes;2500;4600.0;176.0;360.0;1.0;Rural;Y;7100.0
Female;No;0;Graduate;No;4160;0.0;71.0;360.0;1.0;Semiurban;Y;4160.0
Male;Yes;3+;Not Graduate;No;2647;1587.0;173.0;360.0;1.0;Rural;N;4234.0
Female;No;0;Graduate;No;2378;0.0;46.0;360.0;1.0;Rural;N;2378.0
Male;Yes;1;Not Graduate;No;4554;1229.0;158.0;360.0;1.0;Urban;Y;5783.0
Male;Yes;3+;Not Graduate;No;3173;0.0;74.0;360.0;1.0;Semiurban;Y;3173.0
Male;Yes;0;Graduate;No;2499;2458.0;160.0;360.0;1.0;Semiurban;Y;4957.0
Male;Yes;2;Not Graduate;No;3083;2168.0;126.0;360.0;1.0;Urban;Y;5251.0
Male;Yes;0;Graduate;No;2625;6250.0;187.0;360.0;1.0;Rural;Y;8875.0
Male;Yes;0;Graduate;No;9083;0.0;228.0;360.0;1.0;Semiurban;Y;9083.0
Male;No;0;Graduate;No;8750;4167.0;308.0;360.0;1.0;Rural;N;12917.0
Male;Yes;3+;Graduate;No;2666;2083.0;95.0;360.0;1.0;Rural;Y;4749.0
Female;Yes;0;Graduate;Yes;5500;0.0;105.0;360.0;0.0;Rural;N;5500.0
Female;Yes;0;Graduate;No;2423;505.0;130.0;360.0;1.0;Semiurban;Y;2928.0
Male;Yes;2;Graduate;No;8333;3167.0;165.0;360.0;1.0;Rural;Y;11500.0
Male;Yes;1;Graduate;No;3875;0.0;67.0;360.0;1.0;Urban;N;3875.0
Male;Yes;0;Not Graduate;No;3000;1666.0;100.0;480.0;0.0;Urban;N;4666.0
Male;Yes;3+;Graduate;No;5167;3167.0;200.0;360.0;1.0;Semiurban;Y;8334.0
Female;No;1;Graduate;No;4723;0.0;81.0;360.0;1.0;Semiurban;N;4723.0
Male;Yes;2;Graduate;No;5000;3667.0;236.0;360.0;1.0;Semiurban;Y;8667.0
Male;Yes;0;Graduate;No;4750;2333.0;130.0;360.0;1.0;Urban;Y;7083.0
Male;No;0;Graduate;Yes;6822;0.0;141.0;360.0;1.0;Rural;Y;6822.0
Male;No;0;Not Graduate;No;6216;0.0;133.0;360.0;1.0;Rural;N;6216.0
Male;No;0;Graduate;No;2500;0.0;96.0;480.0;1.0;Semiurban;N;2500.0
Male;Yes;1;Graduate;No;6325;0.0;175.0;360.0;1.0;Semiurban;Y;6325.0
Male;Yes;0;Graduate;No;19730;5266.0;570.0;360.0;1.0;Rural;N;24996.0
Female;No;0;Graduate;Yes;15759;0.0;55.0;360.0;1.0;Semiurban;Y;15759.0
Male;Yes;2;Graduate;No;5185;0.0;155.0;360.0;1.0;Semiurban;Y;5185.0
Male;Yes;2;Graduate;Yes;9323;7873.0;380.0;300.0;1.0;Rural;Y;17196.0
Male;No;1;Graduate;No;3062;1987.0;111.0;180.0;0.0;Urban;N;5049.0
Male;Yes;0;Graduate;No;4817;923.0;120.0;180.0;1.0;Urban;Y;5740.0
Male;Yes;3+;Graduate;No;8750;4996.0;130.0;360.0;1.0;Rural;Y;13746.0
Male;No;0;Graduate;No;3069;0.0;71.0;480.0;1.0;Urban;N;3069.0
Male;Yes;2;Graduate;No;5391;0.0;130.0;360.0;1.0;Urban;Y;5391.0
Male;No;0;Graduate;No;5941;4232.0;296.0;360.0;1.0;Semiurban;Y;10173.0
Female;No;0;Graduate;No;6000;0.0;156.0;360.0;1.0;Urban;Y;6000.0
Male;No;0;Graduate;Yes;7167;0.0;128.0;360.0;1.0;Urban;Y;7167.0
Male;Yes;2;Graduate;No;4566;0.0;100.0;360.0;1.0;Urban;N;4566.0
Male;No;0;Not Graduate;No;2346;1600.0;132.0;360.0;1.0;Semiurban;Y;3946.0
Male;Yes;0;Graduate;No;2333;2417.0;136.0;360.0;1.0;Urban;Y;4750.0
Male;Yes;0;Graduate;No;5488;0.0;125.0;360.0;1.0;Rural;Y;5488.0
Male;No;3+;Graduate;No;9167;0.0;185.0;360.0;1.0;Rural;Y;9167.0
Male;Yes;3+;Graduate;No;9504;0.0;275.0;360.0;1.0;Rural;Y;9504.0
Male;Yes;2;Not Graduate;No;1993;1625.0;113.0;180.0;1.0;Semiurban;Y;3618.0
Male;Yes;2;Graduate;No;3100;1400.0;113.0;360.0;1.0;Urban;Y;4500.0
Female;No;0;Graduate;No;3180;0.0;71.0;360.0;0.0;Urban;N;3180.0
Male;Yes;0;Graduate;No;3033;1459.0;95.0;360.0;1.0;Urban;Y;4492.0
Male;No;0;Not Graduate;No;3902;1666.0;109.0;360.0;1.0;Rural;Y;5568.0
Female;No;0;Graduate;No;1500;1800.0;103.0;360.0;0.0;Semiurban;N;3300.0
Male;Yes;2;Not Graduate;No;2889;0.0;45.0;180.0;0.0;Urban;N;2889.0
Male;No;0;Not Graduate;No;2755;0.0;65.0;300.0;1.0;Rural;N;2755.0
Male;No;0;Graduate;No;2500;20000.0;103.0;360.0;1.0;Semiurban;Y;22500.0
Female;No;0;Not Graduate;No;1963;0.0;53.0;360.0;1.0;Semiurban;Y;1963.0
Female;No;0;Graduate;Yes;7441;0.0;194.0;360.0;1.0;Rural;N;7441.0
Female;No;0;Graduate;No;4547;0.0;115.0;360.0;1.0;Semiurban;Y;4547.0
Male;Yes;0;Not Graduate;No;2167;2400.0;115.0;360.0;1.0;Urban;Y;4567.0
Female;No;0;Not Graduate;No;2213;0.0;66.0;360.0;1.0;Rural;Y;2213.0
Male;Yes;1;Graduate;No;8300;0.0;152.0;300.0;0.0;Semiurban;N;8300.0
Male;Yes;3+;Graduate;No;81000;0.0;360.0;360.0;0.0;Rural;N;81000.0
Female;No;1;Not Graduate;Yes;3867;0.0;62.0;360.0;1.0;Semiurban;N;3867.0
Male;Yes;0;Not Graduate;No;6096;0.0;218.0;360.0;0.0;Rural;N;6096.0
Male;Yes;0;Not Graduate;No;2253;2033.0;110.0;360.0;1.0;Rural;Y;4286.0
Female;Yes;0;Not Graduate;No;2149;3237.0;178.0;360.0;0.0;Semiurban;N;5386.0
Female;No;0;Graduate;No;2995;0.0;60.0;360.0;1.0;Urban;Y;2995.0
Female;No;1;Graduate;No;2600;0.0;160.0;360.0;1.0;Urban;N;2600.0
Male;Yes;2;Graduate;Yes;1600;20000.0;239.0;360.0;1.0;Urban;N;21600.0
Male;Yes;0;Graduate;No;1025;2773.0;112.0;360.0;1.0;Rural;Y;3798.0
Male;Yes;0;Graduate;No;3246;1417.0;138.0;360.0;1.0;Semiurban;Y;4663.0
Male;Yes;0;Graduate;No;5829;0.0;138.0;360.0;1.0;Rural;Y;5829.0
Male;Yes;0;Graduate;No;1820;1719.0;100.0;360.0;1.0;Urban;Y;3539.0
Male;Yes;0;Graduate;No;14880;0.0;96.0;360.0;1.0;Semiurban;Y;14880.0
Male;Yes;0;Graduate;No;2666;4300.0;121.0;360.0;1.0;Rural;Y;6966.0
Female;No;1;Not Graduate;No;4606;0.0;81.0;360.0;1.0;Rural;N;4606.0
Male;Yes;2;Graduate;No;5935;0.0;133.0;360.0;1.0;Semiurban;Y;5935.0
Male;Yes;0;Graduate;No;2920;16.12000084;87.0;360.0;1.0;Rural;Y;2936.12000084
Male;No;0;Not Graduate;No;2717;0.0;60.0;180.0;1.0;Urban;Y;2717.0
Female;No;1;Graduate;Yes;8624;0.0;150.0;360.0;1.0;Semiurban;Y;8624.0
Male;No;0;Graduate;No;6500;0.0;105.0;360.0;0.0;Rural;N;6500.0
Male;Yes;0;Graduate;No;2425;2340.0;143.0;360.0;1.0;Semiurban;Y;4765.0
Male;No;0;Graduate;No;3750;0.0;100.0;360.0;1.0;Urban;Y;3750.0
Male;No;0;Graduate;No;1926;1851.0;50.0;360.0;1.0;Semiurban;Y;3777.0
Male;No;0;Graduate;Yes;10416;0.0;187.0;360.0;0.0;Urban;N;10416.0
Female;Yes;0;Not Graduate;Yes;7142;0.0;138.0;360.0;1.0;Rural;Y;7142.0
Male;No;0;Graduate;No;3660;5064.0;187.0;360.0;1.0;Semiurban;Y;8724.0
Male;Yes;0;Graduate;No;7901;1833.0;180.0;360.0;1.0;Rural;Y;9734.0
Male;No;3+;Not Graduate;No;4707;1993.0;148.0;360.0;1.0;Semiurban;Y;6700.0
Male;No;1;Graduate;No;37719;0.0;152.0;360.0;1.0;Semiurban;Y;37719.0
Male;Yes;1;Graduate;Yes;3466;1210.0;130.0;360.0;1.0;Rural;Y;4676.0
Male;Yes;2;Not Graduate;No;4652;0.0;110.0;360.0;1.0;Rural;Y;4652.0
Male;Yes;2;Graduate;No;3340;1710.0;150.0;360.0;0.0;Rural;N;5050.0
Male;Yes;2;Not Graduate;No;2309;1255.0;125.0;360.0;0.0;Rural;N;3564.0
Male;Yes;0;Graduate;No;3948;1733.0;149.0;360.0;0.0;Rural;N;5681.0
Male;Yes;0;Graduate;No;2483;2466.0;90.0;180.0;0.0;Rural;Y;4949.0
Male;No;0;Graduate;Yes;7085;0.0;84.0;360.0;1.0;Semiurban;Y;7085.0
Male;Yes;2;Graduate;No;3859;0.0;96.0;360.0;1.0;Semiurban;Y;3859.0
Male;Yes;0;Graduate;No;4301;0.0;118.0;360.0;1.0;Urban;Y;4301.0
Male;Yes;0;Graduate;No;3708;2569.0;173.0;360.0;1.0;Urban;N;6277.0
Male;No;2;Graduate;No;4354;0.0;136.0;360.0;1.0;Rural;Y;4354.0
Male;Yes;0;Graduate;No;8334;0.0;160.0;360.0;1.0;Semiurban;N;8334.0
Male;Yes;3+;Graduate;No;7740;0.0;128.0;180.0;1.0;Urban;Y;7740.0
Male;Yes;0;Graduate;No;3015;2188.0;153.0;360.0;1.0;Rural;Y;5203.0
Male;No;0;Graduate;No;4166;0.0;98.0;360.0;0.0;Semiurban;N;4166.0
Male;No;0;Graduate;No;6000;0.0;140.0;360.0;1.0;Rural;Y;6000.0
Male;Yes;3+;Not Graduate;No;2947;1664.0;70.0;180.0;0.0;Urban;N;4611.0
Male;Yes;0;Graduate;No;4333;2451.0;110.0;360.0;1.0;Urban;N;6784.0
Male;Yes;1;Graduate;Yes;3450;2079.0;162.0;360.0;1.0;Semiurban;Y;5529.0
Male;Yes;1;Not Graduate;No;2653;1500.0;113.0;180.0;0.0;Rural;N;4153.0
Male;Yes;3+;Graduate;No;4691;0.0;100.0;360.0;1.0;Semiurban;Y;4691.0
Male;No;2;Graduate;No;5532;4648.0;162.0;360.0;1.0;Rural;Y;10180.0
Male;Yes;2;Graduate;Yes;16525;1014.0;150.0;360.0;1.0;Rural;Y;17539.0
Male;Yes;2;Graduate;No;6700;1750.0;230.0;300.0;1.0;Semiurban;Y;8450.0
Male;Yes;1;Graduate;Yes;16667;2250.0;86.0;360.0;1.0;Semiurban;Y;18917.0
Female;No;0;Not Graduate;No;4350;0.0;154.0;360.0;1.0;Rural;Y;4350.0
Male;Yes;3+;Not Graduate;No;3095;0.0;113.0;360.0;1.0;Rural;Y;3095.0
Male;Yes;0;Graduate;No;2083;3150.0;128.0;360.0;1.0;Semiurban;Y;5233.0
Male;Yes;0;Graduate;No;10833;0.0;234.0;360.0;1.0;Semiurban;Y;10833.0
Male;Yes;2;Graduate;No;8333;0.0;246.0;360.0;1.0;Semiurban;Y;8333.0
Male;Yes;1;Not Graduate;No;1958;2436.0;131.0;360.0;1.0;Rural;Y;4394.0
Male;No;2;Graduate;No;3547;0.0;80.0;360.0;0.0;Rural;N;3547.0
Male;Yes;1;Graduate;No;18333;0.0;500.0;360.0;1.0;Urban;N;18333.0
Male;Yes;2;Graduate;Yes;4583;2083.0;160.0;360.0;1.0;Semiurban;Y;6666.0
Male;No;0;Graduate;No;2435;0.0;75.0;360.0;1.0;Urban;N;2435.0
Male;No;0;Not Graduate;No;3691;0.0;110.0;360.0;1.0;Rural;Y;3691.0
Female;No;0;Not Graduate;Yes;17263;0.0;225.0;360.0;1.0;Semiurban;Y;17263.0
Male;Yes;0;Graduate;No;3597;2157.0;119.0;360.0;0.0;Rural;N;5754.0
Female;Yes;1;Graduate;No;3326;913.0;105.0;84.0;1.0;Semiurban;Y;4239.0
Male;Yes;0;Not Graduate;No;2600;1700.0;107.0;360.0;1.0;Rural;Y;4300.0
Male;Yes;1;Graduate;Yes;2895;0.0;95.0;360.0;1.0;Semiurban;Y;2895.0
Male;No;0;Graduate;No;6283;4416.0;209.0;360.0;0.0;Rural;N;10699.0
Female;No;0;Graduate;No;645;3683.0;113.0;480.0;1.0;Rural;Y;4328.0
Female;No;0;Graduate;No;3159;0.0;100.0;360.0;1.0;Semiurban;Y;3159.0
Male;Yes;2;Graduate;No;4865;5624.0;208.0;360.0;1.0;Semiurban;Y;10489.0
Male;Yes;0;Not Graduate;No;3814;1483.0;124.0;300.0;1.0;Semiurban;Y;5297.0
Male;Yes;2;Graduate;No;3510;4416.0;243.0;360.0;1.0;Rural;Y;7926.0
Male;Yes;0;Graduate;Yes;2479;3013.0;188.0;360.0;1.0;Urban;Y;5492.0
Female;No;1;Graduate;No;13262;0.0;40.0;360.0;1.0;Urban;Y;13262.0
Male;No;0;Not Graduate;No;3598;1287.0;100.0;360.0;1.0;Rural;N;4885.0
Male;Yes;1;Graduate;No;6065;2004.0;250.0;360.0;1.0;Semiurban;Y;8069.0
Male;Yes;2;Graduate;No;3283;2035.0;148.0;360.0;1.0;Urban;Y;5318.0
Male;Yes;0;Graduate;No;2130;6666.0;70.0;180.0;1.0;Semiurban;N;8796.0
Male;No;0;Graduate;No;5815;3666.0;311.0;360.0;1.0;Rural;N;9481.0
Male;Yes;3+;Graduate;No;3466;3428.0;150.0;360.0;1.0;Rural;Y;6894.0
Female;Yes;2;Graduate;No;2031;1632.0;113.0;480.0;1.0;Semiurban;Y;3663.0
Male;No;0;Graduate;No;4683;1915.0;185.0;360.0;1.0;Semiurban;N;6598.0
Female;No;0;Not Graduate;No;3400;0.0;95.0;360.0;1.0;Rural;N;3400.0
Male;Yes;2;Not Graduate;No;2192;1742.0;45.0;360.0;1.0;Semiurban;Y;3934.0
Male;No;0;Graduate;No;2500;0.0;55.0;360.0;1.0;Semiurban;Y;2500.0
Male;Yes;3+;Graduate;Yes;5677;1424.0;100.0;360.0;1.0;Rural;Y;7101.0
Male;Yes;2;Graduate;Yes;7948;7166.0;480.0;360.0;1.0;Rural;Y;15114.0
Male;Yes;2;Graduate;Yes;17500;0.0;400.0;360.0;1.0;Rural;Y;17500.0
Male;Yes;0;Graduate;No;3775;0.0;110.0;360.0;1.0;Semiurban;Y;3775.0
Male;Yes;1;Not Graduate;No;5285;1430.0;161.0;360.0;0.0;Semiurban;Y;6715.0
Male;No;1;Not Graduate;No;2679;1302.0;94.0;360.0;1.0;Semiurban;Y;3981.0
Male;No;0;Not Graduate;No;6783;0.0;130.0;360.0;1.0;Semiurban;Y;6783.0
Male;Yes;3+;Graduate;No;4281;0.0;100.0;360.0;1.0;Urban;Y;4281.0
Male;No;2;Graduate;No;3588;0.0;110.0;360.0;0.0;Rural;N;3588.0
Female;No;0;Not Graduate;Yes;18165;0.0;125.0;360.0;1.0;Urban;Y;18165.0
Male;Yes;0;Graduate;No;6133;3906.0;324.0;360.0;1.0;Urban;Y;10039.0
Male;No;2;Graduate;No;3617;0.0;107.0;360.0;1.0;Semiurban;Y;3617.0
Male;Yes;0;Not Graduate;No;2917;536.0;66.0;360.0;1.0;Rural;N;3453.0
Male;Yes;3+;Graduate;No;6417;0.0;157.0;180.0;1.0;Rural;Y;6417.0
Female;Yes;1;Graduate;No;4608;2845.0;140.0;180.0;1.0;Semiurban;Y;7453.0
Female;No;0;Graduate;No;2138;0.0;99.0;360.0;0.0;Semiurban;N;2138.0
Male;Yes;1;Not Graduate;No;2239;2524.0;128.0;360.0;1.0;Urban;Y;4763.0
Male;Yes;0;Graduate;No;2768;1950.0;155.0;360.0;1.0;Rural;Y;4718.0
Male;No;0;Not Graduate;No;3358;0.0;80.0;36.0;1.0;Semiurban;N;3358.0
Male;No;0;Graduate;No;2526;1783.0;145.0;360.0;1.0;Rural;Y;4309.0
Female;No;0;Graduate;No;5000;0.0;103.0;360.0;0.0;Semiurban;N;5000.0
Male;Yes;0;Graduate;No;2785;2016.0;110.0;360.0;1.0;Rural;Y;4801.0
Male;Yes;1;Graduate;No;3333;3250.0;158.0;360.0;1.0;Urban;Y;6583.0
Male;Yes;0;Not Graduate;No;2454;2333.0;181.0;360.0;0.0;Urban;N;4787.0
Male;Yes;0;Graduate;No;3593;4266.0;132.0;180.0;0.0;Rural;N;7859.0
Male;Yes;1;Graduate;No;5468;1032.0;26.0;360.0;1.0;Semiurban;Y;6500.0
Male;Yes;3+;Graduate;Yes;10139;0.0;260.0;360.0;1.0;Semiurban;Y;10139.0
Male;Yes;0;Graduate;No;3887;2669.0;162.0;360.0;1.0;Semiurban;Y;6556.0
Female;Yes;0;Graduate;No;4180;2306.0;182.0;360.0;1.0;Semiurban;Y;6486.0
Male;Yes;2;Not Graduate;No;3675;242.0;108.0;360.0;1.0;Semiurban;Y;3917.0
Female;Yes;1;Graduate;Yes;19484;0.0;600.0;360.0;1.0;Semiurban;Y;19484.0
Male;Yes;0;Graduate;No;5923;2054.0;211.0;360.0;1.0;Rural;Y;7977.0
Male;No;0;Not Graduate;Yes;5800;0.0;132.0;360.0;1.0;Semiurban;Y;5800.0
Male;Yes;2;Graduate;No;8799;0.0;258.0;360.0;0.0;Urban;N;8799.0
Male;No;0;Graduate;No;3333;0.0;70.0;360.0;1.0;Urban;Y;3333.0
Male;Yes;3+;Graduate;No;3400;2500.0;123.0;360.0;0.0;Rural;N;5900.0
Female;No;0;Graduate;No;2378;0.0;9.0;360.0;1.0;Urban;N;2378.0
Male;Yes;0;Graduate;No;3166;2064.0;104.0;360.0;0.0;Urban;N;5230.0
Male;Yes;1;Graduate;No;3417;1750.0;186.0;360.0;1.0;Urban;Y;5167.0
Male;Yes;2;Graduate;No;16666;0.0;275.0;360.0;1.0;Urban;Y;16666.0
Male;Yes;2;Not Graduate;No;6125;1625.0;187.0;480.0;1.0;Semiurban;N;7750.0
Male;Yes;3+;Graduate;No;6406;0.0;150.0;360.0;1.0;Semiurban;N;6406.0
Male;Yes;2;Graduate;No;3159;461.0;108.0;84.0;1.0;Urban;Y;3620.0
Male;No;0;Graduate;No;3229;2739.0;110.0;360.0;1.0;Urban;Y;5968.0
Male;Yes;1;Graduate;No;1782;2232.0;107.0;360.0;1.0;Rural;Y;4014.0
Male;Yes;2;Graduate;No;6540;0.0;205.0;360.0;1.0;Semiurban;Y;6540.0
Male;No;0;Graduate;No;1836;33837.0;90.0;360.0;1.0;Urban;N;35673.0
Female;Yes;0;Graduate;No;3166;0.0;36.0;360.0;1.0;Semiurban;Y;3166.0
Male;Yes;1;Graduate;No;2787;1917.0;146.0;360.0;0.0;Rural;N;4704.0
Male;Yes;1;Graduate;No;4283;3000.0;172.0;84.0;1.0;Rural;N;7283.0
Male;Yes;0;Graduate;No;2297;1522.0;104.0;360.0;1.0;Urban;Y;3819.0
Female;No;0;Not Graduate;No;2165;0.0;70.0;360.0;1.0;Semiurban;Y;2165.0
Male;Yes;2;Graduate;Yes;2726;0.0;106.0;360.0;0.0;Semiurban;N;2726.0
Male;Yes;0;Graduate;No;3000;3416.0;56.0;180.0;1.0;Semiurban;Y;6416.0
Male;Yes;2;Graduate;Yes;6000;0.0;205.0;240.0;1.0;Semiurban;N;6000.0
Male;Yes;0;Graduate;No;3859;3300.0;142.0;180.0;1.0;Rural;Y;7159.0
Male;Yes;0;Graduate;Yes;16120;0.0;260.0;360.0;1.0;Urban;Y;16120.0
Male;No;0;Not Graduate;No;3833;0.0;110.0;360.0;1.0;Rural;Y;3833.0
Male;Yes;2;Not Graduate;Yes;6383;1000.0;187.0;360.0;1.0;Rural;N;7383.0
Male;Yes;0;Graduate;Yes;9963;0.0;180.0;360.0;1.0;Rural;Y;9963.0
Male;Yes;2;Graduate;No;5780;0.0;192.0;360.0;1.0;Urban;Y;5780.0
Male;Yes;3+;Graduate;No;5703;0.0;128.0;360.0;1.0;Urban;Y;5703.0
Male;No;0;Graduate;No;3676;4301.0;172.0;360.0;1.0;Rural;Y;7977.0
Female;Yes;1;Graduate;No;12000;0.0;496.0;360.0;1.0;Semiurban;Y;12000.0
Male;Yes;1;Graduate;No;3400;2500.0;173.0;360.0;1.0;Semiurban;Y;5900.0
Male;Yes;2;Not Graduate;No;3987;1411.0;157.0;360.0;1.0;Rural;Y;5398.0
Male;Yes;0;Graduate;No;3232;1950.0;108.0;360.0;1.0;Rural;Y;5182.0
Female;No;0;Graduate;No;2900;0.0;71.0;360.0;1.0;Rural;Y;2900.0
Male;Yes;3+;Graduate;No;4106;0.0;40.0;180.0;1.0;Rural;Y;4106.0
Male;Yes;1;Graduate;No;8072;240.0;253.0;360.0;1.0;Urban;Y;8312.0
Male;Yes;2;Graduate;No;7583;0.0;187.0;360.0;1.0;Urban;Y;7583.0
Female;No;0;Graduate;Yes;4583;0.0;133.0;360.0;0.0;Semiurban;N;4583.0
